index	% Correct
categorized	0.8105919003115265
uncategorized	0.8181818181818182
